{
  "average": {
    "accuracy": 0.2381635581061693,
    "correct": 664,
    "total": 2788
  },
  "subject": {
    "Chemistry": {
      "accuracy": 0.22704081632653061,
      "correct": 267,
      "total": 1176
    },
    "Math": {
      "accuracy": 0.2242152466367713,
      "correct": 200,
      "total": 892
    },
    "Coding": {
      "accuracy": 0.3067375886524823,
      "correct": 173,
      "total": 564
    },
    "Physics": {
      "accuracy": 0.15384615384615385,
      "correct": 24,
      "total": 156
    }
  },
  "question_type": {
    "multiple choice": {
      "accuracy": 0.2817182817182817,
      "correct": 564,
      "total": 2002
    },
    "open-ended": {
      "accuracy": 0.1272264631043257,
      "correct": 100,
      "total": 786
    }
  },
  "category": {
    "Chemistry": {
      "Reaction Simulation Pro": {
        "accuracy": 0.21904761904761905,
        "correct": 23,
        "total": 105
      },
      "Structure Recognition": {
        "accuracy": 0.339662447257384,
        "correct": 161,
        "total": 474
      },
      "Graph Reasoning": {
        "accuracy": 0.0,
        "correct": 0,
        "total": 9
      },
      "Reaction Simulation": {
        "accuracy": 0.3787878787878788,
        "correct": 50,
        "total": 132
      },
      "Knowledge-based counting": {
        "accuracy": 0.07236842105263158,
        "correct": 33,
        "total": 456
      }
    },
    "Math": {
      "2D Transformation": {
        "accuracy": 0.19172932330827067,
        "correct": 51,
        "total": 266
      },
      "3D Spatial Simulation": {
        "accuracy": 0.13454545454545455,
        "correct": 37,
        "total": 275
      },
      "Path Tracing": {
        "accuracy": 0.16535433070866143,
        "correct": 21,
        "total": 127
      },
      "Multi-hop Visual Object Counting": {
        "accuracy": 0.6451612903225806,
        "correct": 80,
        "total": 124
      },
      "Pattern Inference": {
        "accuracy": 0.11,
        "correct": 11,
        "total": 100
      }
    },
    "Coding": {
      "Advanced Chart Type": {
        "accuracy": 0.2971014492753623,
        "correct": 82,
        "total": 276
      },
      "Axis & Scale": {
        "accuracy": 0.2777777777777778,
        "correct": 30,
        "total": 108
      },
      "Legend": {
        "accuracy": 0.3645833333333333,
        "correct": 35,
        "total": 96
      },
      "Alignment, Orientation, & Position": {
        "accuracy": 0.28888888888888886,
        "correct": 52,
        "total": 180
      },
      "Gridline": {
        "accuracy": 0.26666666666666666,
        "correct": 16,
        "total": 60
      },
      "3D": {
        "accuracy": 0.37037037037037035,
        "correct": 40,
        "total": 108
      },
      "Color & Texture": {
        "accuracy": 0.3269230769230769,
        "correct": 51,
        "total": 156
      },
      "Marker, Line, & Cap": {
        "accuracy": 0.25,
        "correct": 12,
        "total": 48
      },
      "Polar": {
        "accuracy": 0.25,
        "correct": 12,
        "total": 48
      },
      "Data Reasoning": {
        "accuracy": 0.37037037037037035,
        "correct": 40,
        "total": 108
      }
    },
    "Physics": {
      "Path Tracing": {
        "accuracy": 0.15384615384615385,
        "correct": 2,
        "total": 13
      },
      "3d Field Simulation": {
        "accuracy": 0.16216216216216217,
        "correct": 6,
        "total": 37
      },
      "Multi-hop Visual Reasoning": {
        "accuracy": 0.21212121212121213,
        "correct": 7,
        "total": 33
      },
      "Visual Decomposition Simulation": {
        "accuracy": 0.10638297872340426,
        "correct": 5,
        "total": 47
      },
      "Graph Reasoning": {
        "accuracy": 0.15384615384615385,
        "correct": 4,
        "total": 26
      }
    }
  },
  "task": {
    "Coding_Code Choose Vis": {
      "accuracy": 0.24468085106382978,
      "correct": 46,
      "total": 188
    },
    "Coding_Vis Choose Code": {
      "accuracy": 0.32978723404255317,
      "correct": 62,
      "total": 188
    },
    "Coding_Modify Without Image": {
      "accuracy": 0.35106382978723405,
      "correct": 33,
      "total": 94
    },
    "Coding_Modify With Image": {
      "accuracy": 0.3404255319148936,
      "correct": 32,
      "total": 94
    }
  }
}