{
  "average": {
    "accuracy": 0.5641025641025641,
    "correct": 88,
    "total": 156
  },
  "subject": {
    "Physics": {
      "accuracy": 0.5641025641025641,
      "correct": 88,
      "total": 156
    }
  },
  "question_type": {
    "multiple choice": {
      "accuracy": 0.5641025641025641,
      "correct": 88,
      "total": 156
    }
  },
  "category": {
    "Physics": {
      "Path Tracing": {
        "accuracy": 0.6153846153846154,
        "correct": 8,
        "total": 13
      },
      "3d Field Simulation": {
        "accuracy": 0.43243243243243246,
        "correct": 16,
        "total": 37
      },
      "Multi-hop Visual Reasoning": {
        "accuracy": 0.5757575757575758,
        "correct": 19,
        "total": 33
      },
      "Visual Decomposition Simulation": {
        "accuracy": 0.6170212765957447,
        "correct": 29,
        "total": 47
      },
      "Graph Reasoning": {
        "accuracy": 0.6153846153846154,
        "correct": 16,
        "total": 26
      }
    }
  },
  "task": {}
}